{"$schema":"http://schema.management.azure.com/schemas/2015-01-01/deploymentTemplate.json#","contentVersion":"1.0.0.0","parameters":{"factoryName":{"type":"string","metadata":"Data Factory name"},"Snowflake1":{"type":"string"},"AzureBlobStorage1":{"type":"string"}},"variables":{"factoryId":"[concat('Microsoft.DataFactory/factories/', parameters('factoryName'))]"},"resources":[{"name":"[concat(parameters('factoryName'), '/Pipeline_azfunc_in_sf')]","type":"Microsoft.DataFactory/factories/pipelines","apiVersion":"2018-06-01","properties":{"activities":[{"name":"Start Audit Task","description":"Run SF Stored Proc","type":"Lookup","dependsOn":[],"policy":{"timeout":"7.00:00:00","retry":0,"retryIntervalInSeconds":30,"secureOutput":false,"secureInput":false},"userProperties":[],"typeProperties":{"source":{"type":"SnowflakeSource","query":{"value":"@concat('call APT_DW.AUDIT.SP_START_AUDIT_TASK(',\n'''',json(string(pipeline().parameters.TableObject)).DESTINATION_DATABASE_NAME,'''',',',\n'''',json(string(pipeline().parameters.TableObject)).DESTINATION_SCHEMA_NAME,'''',',',\n'''',json(string(pipeline().parameters.TableObject)).DESTINATION_TABLE_NAME,'''',',',\n'''',json(string(pipeline().parameters.TableObject)).DESTINATION_VIEW_NAME,'''',',',\n'''',json(string(pipeline().parameters.TableObject)).PRIMARY_SOURCE_DATABASE_NAME,'''',',',\n'''',json(string(pipeline().parameters.TableObject)).PRIMARY_SOURCE_SCHEMA_NAME,'''',',',\n'''',json(string(pipeline().parameters.TableObject)).PRIMARY_SOURCE_TABLE_NAME,'''',',',\n'''',json(string(pipeline().parameters.TableObject)).PRIMARY_SOURCE_JOIN_KEYS,'''',',',\n'''',pipeline().RunId,'''',',',\n'''',pipeline().parameters.ParentTaskKey,'''',',',\n'''',pipeline().parameters.TaskName,'''',',',\n'''',json(string(pipeline().parameters.TableObject)).TaskGroup,'''',',',\n'''',json(string(pipeline().parameters.TableObject)).CDCType,'''',',',\n'''',pipeline().parameters.FullLoadInd,'''',',',\n'''',json(string(pipeline().parameters.TableObject)).SQLContainer,'''',',',\n'''',json(string(pipeline().parameters.TableObject)).SQLDirectory,'''',',',\n'''',json(string(pipeline().parameters.TableObject)).SQLInsertFileName,'''',',',\n'''',json(string(pipeline().parameters.TableObject)).SourceType,'''',',',\n'''',json(string(pipeline().parameters.TableObject)).BlobContainer,'''',')'\n)","type":"Expression"},"exportSettings":{"type":"SnowflakeExportCopyCommand"}},"dataset":{"referenceName":"SnowflakeTable","type":"DatasetReference","parameters":{}},"firstRowOnly":false}},{"name":"End Audit Task","type":"Lookup","dependsOn":[{"activity":"Insert Into Table","dependencyConditions":["Succeeded"]}],"policy":{"timeout":"7.00:00:00","retry":0,"retryIntervalInSeconds":30,"secureOutput":false,"secureInput":false},"userProperties":[],"typeProperties":{"source":{"type":"SnowflakeSource","query":{"value":"@concat('call ',json(activity('Start Audit Task').output.value[0].SP_START_AUDIT_TASK).DESTINATION_DATABASE_NAME,'.AUDIT.SP_END_AUDIT_TASK(',\n   '''',json(activity('Start Audit Task').output.value[0].SP_START_AUDIT_TASK).DESTINATION_DATABASE_NAME,'''', ',',\n   '''',json(activity('Start Audit Task').output.value[0].SP_START_AUDIT_TASK).DESTINATION_SCHEMA_NAME,'''',',',\n   '''',json(activity('Start Audit Task').output.value[0].SP_START_AUDIT_TASK).DESTINATION_TABLE_NAME,'''', ',',\n   '''',json(activity('Start Audit Task').output.value[0].SP_START_AUDIT_TASK).TaskKey,'''', ',',\n   '''',json(activity('Start Audit Task').output.value[0].SP_START_AUDIT_TASK).TaskName,'''', ',',\n   '''',json(activity('Start Audit Task').output.value[0].SP_START_AUDIT_TASK).SourceType,'''',\n    ')')\n","type":"Expression"},"exportSettings":{"type":"SnowflakeExportCopyCommand"}},"dataset":{"referenceName":"SnowflakeTable","type":"DatasetReference","parameters":{}}}},{"name":"End Audit - Write ETL Message","description":"Write the error message from Azure into Snowflake","type":"Lookup","dependsOn":[{"activity":"End Audit Task","dependencyConditions":["Failed"]}],"policy":{"timeout":"7.00:00:00","retry":0,"retryIntervalInSeconds":30,"secureOutput":false,"secureInput":false},"userProperties":[],"typeProperties":{"source":{"type":"SnowflakeSource","query":{"value":"@concat('call ',json(activity('Start Audit Task').output.value[0].SP_START_AUDIT_TASK).DESTINATION_DATABASE_NAME,'.AUDIT.SP_WRITE_ETL_MESSAGE(',\n   '''',json(activity('Start Audit Task').output.value[0].SP_START_AUDIT_TASK).DESTINATION_DATABASE_NAME,'''', ',',\n   '''',pipeline().RunId,'''',',',\n   '''',json(activity('Start Audit Task').output.value[0].SP_START_AUDIT_TASK).TaskKey,'''', ',',\n   '''',json(activity('Start Audit Task').output.value[0].SP_START_AUDIT_TASK).TaskName,'''', ',',\n   '''',replace(string(activity('End Audit Task').error.message),'''','\"'),'''',\n    ')')","type":"Expression"},"exportSettings":{"type":"SnowflakeExportCopyCommand"}},"dataset":{"referenceName":"SnowflakeTable","type":"DatasetReference","parameters":{}}}},{"name":"Insert Into Table","type":"Lookup","dependsOn":[{"activity":"Get SQL Query","dependencyConditions":["Succeeded"]}],"policy":{"timeout":"7.00:00:00","retry":0,"retryIntervalInSeconds":30,"secureOutput":false,"secureInput":false},"userProperties":[],"typeProperties":{"source":{"type":"SnowflakeSource","query":{"value":"@concat('call apt_dw.audit.sp_query_snowflake(',\n'''',activity('Get SQL Query').output.value[0].TargetSQL,'''',')'\n)","type":"Expression"},"exportSettings":{"type":"SnowflakeExportCopyCommand"}},"dataset":{"referenceName":"SnowflakeTable","type":"DatasetReference","parameters":{}}}},{"name":"Insert Into Table - Write ETL Message","description":"Write the error message from Azure into Snowflake","type":"Lookup","dependsOn":[{"activity":"Insert Into Table","dependencyConditions":["Failed"]}],"policy":{"timeout":"7.00:00:00","retry":0,"retryIntervalInSeconds":30,"secureOutput":false,"secureInput":false},"userProperties":[],"typeProperties":{"source":{"type":"SnowflakeSource","query":{"value":"@concat('call ',json(activity('Start Audit Task').output.value[0].SP_START_AUDIT_TASK).DESTINATION_DATABASE_NAME,'.AUDIT.SP_WRITE_ETL_MESSAGE(',\n   '''',json(activity('Start Audit Task').output.value[0].SP_START_AUDIT_TASK).DESTINATION_DATABASE_NAME,'''', ',',\n   '''',pipeline().RunId,'''',',',\n   '''',json(activity('Start Audit Task').output.value[0].SP_START_AUDIT_TASK).TaskKey,'''', ',',\n   '''',json(activity('Start Audit Task').output.value[0].SP_START_AUDIT_TASK).TaskName,'''', ',',\n   '''',replace(string(activity('Insert Into Table').error.message),'''','\"'),'''',\n    ')')","type":"Expression"},"exportSettings":{"type":"SnowflakeExportCopyCommand"}},"dataset":{"referenceName":"SnowflakeTable","type":"DatasetReference","parameters":{}}}},{"name":"Start Audit Task - Write ETL Message","description":"Because start audit task failed, there is no pipeline information to be used. We create a custom ETL Message for when this happens","type":"Lookup","dependsOn":[{"activity":"Start Audit Task","dependencyConditions":["Failed"]}],"policy":{"timeout":"7.00:00:00","retry":0,"retryIntervalInSeconds":30,"secureOutput":false,"secureInput":false},"userProperties":[],"typeProperties":{"source":{"type":"SnowflakeSource","query":{"value":"@concat('call APT_DW.AUDIT.SP_WRITE_ETL_MESSAGE(',\n   '''','APT_DW','''', ',',\n   '''',pipeline().RunId,'''',',',\n   '''','N/A','''', ',',\n   '''','Start Audit','''', ',',\n   '''',replace(string(activity('Start Audit Task').error.message),'''','\"'),'''',\n    ')')","type":"Expression"},"exportSettings":{"type":"SnowflakeExportCopyCommand"}},"dataset":{"referenceName":"SnowflakeTable","type":"DatasetReference","parameters":{}}}},{"name":"Get SQL Query","description":"Get the query from blob","type":"Lookup","dependsOn":[{"activity":"Start Audit Task","dependencyConditions":["Succeeded"]}],"policy":{"timeout":"7.00:00:00","retry":0,"retryIntervalInSeconds":30,"secureOutput":false,"secureInput":false},"userProperties":[],"typeProperties":{"source":{"type":"JsonSource","storeSettings":{"type":"AzureBlobStorageReadSettings","recursive":true,"enablePartitionDiscovery":false},"formatSettings":{"type":"JsonReadSettings"}},"dataset":{"referenceName":"Blob_JSON","type":"DatasetReference","parameters":{"container_name":{"value":"@json(activity('Start Audit Task').output.value[0].SP_START_AUDIT_TASK).SQLContainer","type":"Expression"},"directory_name":{"value":"@json(activity('Start Audit Task').output.value[0].SP_START_AUDIT_TASK).SQLDirectory","type":"Expression"},"file_name":{"value":"@json(activity('Start Audit Task').output.value[0].SP_START_AUDIT_TASK).SQLInsertFileName","type":"Expression"}}},"firstRowOnly":false}},{"name":"Get SQL Query - Write ETL Message","description":"Write the error message from Azure into Snowflake","type":"Lookup","dependsOn":[{"activity":"Get SQL Query","dependencyConditions":["Failed"]}],"policy":{"timeout":"7.00:00:00","retry":0,"retryIntervalInSeconds":30,"secureOutput":false,"secureInput":false},"userProperties":[],"typeProperties":{"source":{"type":"SnowflakeSource","query":{"value":"@concat('call ',json(activity('Start Audit Task').output.value[0].SP_START_AUDIT_TASK).DESTINATION_DATABASE_NAME,'.AUDIT.SP_WRITE_ETL_MESSAGE(',\n   '''',json(activity('Start Audit Task').output.value[0].SP_START_AUDIT_TASK).DESTINATION_DATABASE_NAME,'''', ',',\n   '''',pipeline().RunId,'''',',',\n   '''',json(activity('Start Audit Task').output.value[0].SP_START_AUDIT_TASK).TaskKey,'''', ',',\n   '''',json(activity('Start Audit Task').output.value[0].SP_START_AUDIT_TASK).TaskName,'''', ',',\n   '''',replace(string(activity('Get SQL Query').error.message),'''','\"'),'''',\n    ')')","type":"Expression"},"exportSettings":{"type":"SnowflakeExportCopyCommand"}},"dataset":{"referenceName":"SnowflakeTable","type":"DatasetReference","parameters":{}}}},{"name":"Fail on Purpose - Test Write ETL Message","type":"IfCondition","dependsOn":[{"activity":"End Audit Task","dependencyConditions":["Succeeded"]}],"userProperties":[],"typeProperties":{"expression":{"value":"@pipeline().parameters.TriggerFail","type":"Expression"},"ifTrueActivities":[{"name":"Fail on Purpose","description":"fail this on purpose to trigger write ETL message. its casting a string to int","type":"SetVariable","dependsOn":[],"userProperties":[],"typeProperties":{"variableName":"str1","value":{"value":"@json(activity('Start Audit Task').output.value[0].start_audit_task_ap).PIPELINE_ID","type":"Expression"}}},{"name":"Fail on Purpose - Write ETL Message","description":"Write the error message from Azure into Snowflake. Used ONLY after start Audit Task was successful","type":"Lookup","dependsOn":[{"activity":"Fail on Purpose","dependencyConditions":["Failed"]}],"policy":{"timeout":"7.00:00:00","retry":0,"retryIntervalInSeconds":30,"secureOutput":false,"secureInput":false},"userProperties":[],"typeProperties":{"source":{"type":"SnowflakeSource","query":{"value":"@concat('call ',json(activity('Start Audit Task').output.value[0].SP_START_AUDIT_TASK).DESTINATION_DATABASE_NAME,'.AUDIT.SP_WRITE_ETL_MESSAGE(',\n   '''',json(activity('Start Audit Task').output.value[0].SP_START_AUDIT_TASK).DESTINATION_DATABASE_NAME,'''', ',',\n   '''',pipeline().RunId,'''',',',\n   '''',json(activity('Start Audit Task').output.value[0].SP_START_AUDIT_TASK).TaskKey,'''', ',',\n   '''',json(activity('Start Audit Task').output.value[0].SP_START_AUDIT_TASK).TaskName,'''', ',',\n   '''',replace(string(activity('Fail on Purpose').error.message),'''','\"'),'''',\n    ')')","type":"Expression"},"exportSettings":{"type":"SnowflakeExportCopyCommand"}},"dataset":{"referenceName":"SnowflakeTable","type":"DatasetReference","parameters":{}}}}]}}],"parameters":{"TableObject":{"type":"string","defaultValue":{"SourceType":"DB2","TaskName":"Load APT_DW.GA.USER_TEST","TaskGroup":"Load APT_DW","PRIMARY_SOURCE_DATABASE_NAME":"COPPER","PRIMARY_SOURCE_SCHEMA_NAME":"DATA","PRIMARY_SOURCE_TABLE_NAME":"USER","PRIMARY_SOURCE_JOIN_KEYS":"","SYS_CHANGE_VERSION_START":"0","DESTINATION_DATABASE_NAME":"APT_DW","DESTINATION_SCHEMA_NAME":"GA","DESTINATION_TABLE_NAME":"USER_TEST","DESTINATION_VIEW_NAME":"VW_USER_TEST","CDCType":"0","SQLContainer":"etl-management","SQLDirectory":"sql-queries","SQLInsertFileName":"APT_DW_GA_USER_TEST_query.json","BlobContainer":"source"}},"TaskName":{"type":"string","defaultValue":"Load Pipeline Test"},"ParentTaskKey":{"type":"string","defaultValue":"1234"},"FullLoadInd":{"type":"string","defaultValue":"N"},"TriggerFail":{"type":"bool","defaultValue":true}},"variables":{"str1":{"type":"String"}},"annotations":[]},"dependsOn":["[concat(variables('factoryId'), '/datasets/SnowflakeTable')]","[concat(variables('factoryId'), '/datasets/Blob_JSON')]"]},{"name":"[concat(parameters('factoryName'), '/SnowflakeTable')]","type":"Microsoft.DataFactory/factories/datasets","apiVersion":"2018-06-01","properties":{"linkedServiceName":{"referenceName":"[parameters('Snowflake1')]","type":"LinkedServiceReference"},"annotations":[],"type":"SnowflakeTable","schema":[],"typeProperties":{}},"dependsOn":[]},{"name":"[concat(parameters('factoryName'), '/Blob_JSON')]","type":"Microsoft.DataFactory/factories/datasets","apiVersion":"2018-06-01","properties":{"linkedServiceName":{"referenceName":"[parameters('AzureBlobStorage1')]","type":"LinkedServiceReference"},"parameters":{"container_name":{"type":"string"},"directory_name":{"type":"string"},"file_name":{"type":"string"}},"annotations":[],"type":"Json","typeProperties":{"location":{"type":"AzureBlobStorageLocation","fileName":{"value":"@dataset().file_name","type":"Expression"},"folderPath":{"value":"@dataset().directory_name","type":"Expression"},"container":{"value":"@dataset().container_name","type":"Expression"}}},"schema":{}},"dependsOn":[]}]}